{"accuracy": [0.558019757270813, 0.7830570936203003, 0.8262892365455627, 0.8480973243713379, 0.8613272905349731, 0.8694501519203186, 0.8766911029815674, 0.8827797174453735, 0.886378824710846, 0.8892809152603149], "loss": [1.6305336952209473, 0.7153141498565674, 0.5607393383979797, 0.4798849821090698, 0.43553072214126587, 0.40445464849472046, 0.38570636510849, 0.36428508162498474, 0.34851402044296265, 0.3353025019168854], "val_accuracy": [0.8510698676109314, 0.8977919220924377, 0.9094012975692749, 0.9222626686096191, 0.9273844957351685, 0.936432957649231, 0.9347826242446899, 0.9388800263404846, 0.9384816884994507, 0.9427498579025269], "val_loss": [0.5584515333175659, 0.36662793159484863, 0.30639123916625977, 0.2615183889865875, 0.23972125351428986, 0.21307916939258575, 0.2123996615409851, 0.19529865682125092, 0.1919926255941391, 0.1828533411026001], "learning_rate": [9.999999747378752e-05, 9.999999747378752e-05, 9.999999747378752e-05, 9.999999747378752e-05, 9.999999747378752e-05, 9.999999747378752e-05, 9.999999747378752e-05, 9.999999747378752e-05, 9.999999747378752e-05, 9.999999747378752e-05]}